product_id,product_type,product_name,price,scrap_datetime,style_id,color_id,color_name,fit,model_height,model_size,cotton,rayon,lyocell,polyester,spandex,elastomultiester
1024256001,men_jeans_slim,slim_jeans,24.99,2023-02-25 21:33:37,1024256,001,black,slim_fit,180,33/32,0.99,0.0,0.0,0.65,0.01,0.0
1024256002,men_jeans_slim,slim_jeans,24.99,2023-02-25 21:33:37,1024256,002,light_denim_blue,slim_fit,,,0.99,0.0,0.0,0.65,0.01,0.0
1024256003,men_jeans_slim,slim_jeans,24.99,2023-02-25 21:33:37,1024256,003,light_denim_blue,slim_fit,180,33/32,0.99,0.0,0.0,0.65,0.01,0.0
1024256004,men_jeans_slim,slim_jeans,24.99,2023-02-25 21:33:37,1024256,004,denim_blue,slim_fit,,,0.99,0.0,0.0,0.65,0.01,0.0
1024256005,men_jeans_slim,slim_jeans,24.99,2023-02-25 21:33:37,1024256,005,dark_blue,slim_fit,183,31/32,0.99,0.0,0.0,0.65,0.01,0.0
1024256006,men_jeans_slim,slim_jeans,24.99,2023-02-25 21:33:37,1024256,006,dark_denim_blue,slim_fit,187,31/32,1.0,0.0,0.0,0.0,0.01,0.0
1024256007,men_jeans_slim,slim_jeans,24.99,2023-02-25 21:33:37,1024256,007,dark_gray,slim_fit,187,31/32,0.99,0.0,0.0,0.65,0.01,0.0
1024256008,men_jeans_slim,slim_jeans,24.99,2023-02-25 21:33:37,1024256,008,white,slim_fit,183,32/32,1.0,0.0,0.0,0.0,0.01,0.0
1071707001,men_jeans_relaxed,relaxed_jeans,29.99,2023-02-25 21:33:37,1071707,001,black,relaxed_fit,183,32/32,1.0,0.0,0.0,0.0,0.0,0.0
1071707002,men_jeans_relaxed,relaxed_jeans,29.99,2023-02-25 21:33:37,1071707,002,light_denim_blue,relaxed_fit,184,31/32,1.0,0.0,0.0,0.65,0.0,0.0
1071707003,men_jeans_relaxed,relaxed_jeans,29.99,2023-02-25 21:33:37,1071707,003,dark_denim_blue,relaxed_fit,182,32/32,1.0,0.0,0.0,0.65,0.0,0.0
1071707008,men_jeans_relaxed,relaxed_jeans,29.99,2023-02-25 21:33:37,1071707,008,denim_blue,relaxed_fit,182,32/32,1.0,0.0,0.0,0.65,0.0,0.0
1071707010,men_jeans_relaxed,relaxed_jeans,29.99,2023-02-25 21:33:37,1071707,010,denim_gray,relaxed_fit,183,31/32,1.0,0.0,0.0,0.65,0.0,0.0
0985159001,men_jeans_skinny,skinny_jeans,24.99,2023-02-25 21:33:37,0985159,001,black,skinny_fit,180,33/32,1.0,0.0,0.0,0.0,0.01,0.0
0985159002,men_jeans_skinny,skinny_jeans,24.99,2023-02-25 21:33:37,0985159,002,denim_blue,skinny_fit,,,1.0,0.0,0.0,0.0,0.01,0.0
0985159003,men_jeans_skinny,skinny_jeans,24.99,2023-02-25 21:33:37,0985159,003,dark_gray,skinny_fit,,,0.99,0.0,0.0,0.63,0.01,0.0
0985159004,men_jeans_skinny,skinny_jeans,24.99,2023-02-25 21:33:37,0985159,004,light_denim_blue,skinny_fit,187,31/32,1.0,0.0,0.0,0.0,0.01,0.0
0985159005,men_jeans_skinny,skinny_jeans,24.99,2023-02-25 21:33:37,0985159,005,dark_blue,skinny_fit,,,1.0,0.0,0.0,0.0,0.01,0.0
0985159006,men_jeans_skinny,skinny_jeans,24.99,2023-02-25 21:33:37,0985159,006,dark_denim_blue,skinny_fit,185,31/32,0.99,0.0,0.0,0.65,0.01,0.0
0985159007,men_jeans_skinny,skinny_jeans,24.99,2023-02-25 21:33:37,0985159,007,denim_blue,skinny_fit,,,0.99,0.0,0.0,0.65,0.01,0.0
0985159008,men_jeans_skinny,skinny_jeans,24.99,2023-02-25 21:33:37,0985159,008,dark_gray,skinny_fit,180,33/32,0.99,0.0,0.0,0.65,0.01,0.0
1008549001,men_jeans_regular,regular_jeans,24.99,2023-02-25 21:33:37,1008549,001,light_denim_blue,regular_fit,180,33/32,0.98,0.0,0.0,0.65,0.02,0.0
1008549002,men_jeans_regular,regular_jeans,24.99,2023-02-25 21:33:37,1008549,002,denim_blue,regular_fit,185,31/32,0.99,0.0,0.0,0.65,0.01,0.0
1008549003,men_jeans_regular,regular_jeans,24.99,2023-02-25 21:33:37,1008549,003,dark_gray,regular_fit,187,31/32,0.99,0.0,0.0,0.65,0.01,0.0
1008549004,men_jeans_regular,regular_jeans,24.99,2023-02-25 21:33:37,1008549,004,dark_blue,regular_fit,183,31/32,0.99,0.0,0.0,0.63,0.01,0.0
1008549005,men_jeans_regular,regular_jeans,24.99,2023-02-25 21:33:37,1008549,005,dark_denim_blue,regular_fit,,,1.0,0.0,0.0,0.0,0.01,0.0
1008549006,men_jeans_regular,regular_jeans,24.99,2023-02-25 21:33:37,1008549,006,black,regular_fit,180,33/32,1.0,0.0,0.0,0.0,0.01,0.0
1008549007,men_jeans_regular,regular_jeans,24.99,2023-02-25 21:33:37,1008549,007,light_gray,regular_fit,,,1.0,0.0,0.0,0.0,0.01,0.0
1008549008,men_jeans_regular,regular_jeans,24.99,2023-02-25 21:33:37,1008549,008,light_denim_blue,regular_fit,,,0.99,0.0,0.0,0.65,0.01,0.0
0979945001,men_jeans_loose,loose_jeans,39.99,2023-02-25 21:33:37,0979945,001,light_denim_blue,loose_fit,180,38/32,1.0,0.0,0.0,0.65,0.0,0.0
0979945002,men_jeans_loose,loose_jeans,39.99,2023-02-25 21:33:37,0979945,002,denim_blue,loose_fit,185,31/32,1.0,0.0,0.0,0.65,0.0,0.0
0979945003,men_jeans_loose,loose_jeans,39.99,2023-02-25 21:33:37,0979945,003,black,loose_fit,,,1.0,0.0,0.0,0.65,0.0,0.0
0979945009,men_jeans_loose,loose_jeans,39.99,2023-02-25 21:33:37,0979945,009,light_gray,loose_fit,187,31/32,1.0,0.0,0.0,0.65,0.0,0.0
0979945012,men_jeans_loose,loose_jeans,39.99,2023-02-25 21:33:37,0979945,012,gray,loose_fit,,,1.0,0.0,0.0,0.65,0.0,0.0
0979945019,men_jeans_loose,loose_jeans,39.99,2023-02-25 21:33:37,0979945,019,black_patterned,loose_fit,,,1.0,0.0,0.0,0.65,0.0,0.0
0979945022,men_jeans_loose,loose_jeans,39.99,2023-02-25 21:33:37,0979945,022,light_purple,loose_fit,186,31/32,1.0,0.0,0.0,0.65,0.0,0.0
0979945023,men_jeans_loose,loose_jeans,39.99,2023-02-25 21:33:37,0979945,023,olive_green,loose_fit,,,1.0,0.0,0.0,0.65,0.0,0.0
0979945024,men_jeans_loose,loose_jeans,39.99,2023-02-25 21:33:37,0979945,024,pale_denim_blue,loose_fit,185,31/32,1.0,0.0,0.0,0.65,0.0,0.0
0979945025,men_jeans_loose,loose_jeans,39.99,2023-02-25 21:33:37,0979945,025,purple,loose_fit,183,31/32,1.0,0.0,0.0,0.65,0.0,0.0
0979945028,men_jeans_loose,loose_jeans,39.99,2023-02-25 21:33:37,0979945,028,pale_denim_blue,loose_fit,,,1.0,0.0,0.0,0.65,0.0,0.0
0979945029,men_jeans_loose,loose_jeans,39.99,2023-02-25 21:33:37,0979945,029,denim_blue,loose_fit,180,38/32,1.0,0.0,0.0,0.65,0.0,0.0
0979945030,men_jeans_loose,loose_jeans,39.99,2023-02-25 21:33:37,0979945,030,light_denim_gray,loose_fit,,,1.0,0.0,0.0,0.65,0.0,0.0
0979945031,men_jeans_loose,loose_jeans,39.99,2023-02-25 21:33:37,0979945,031,white,loose_fit,180,38/32,1.0,0.0,0.0,0.0,0.0,0.0
0979945033,men_jeans_loose,loose_jeans,39.99,2023-02-25 21:33:37,0979945,033,black,loose_fit,185,31/32,1.0,0.0,0.0,0.65,0.0,0.0
1008110001,men_jeans_slim,freefit®_slim_jeans,49.99,2023-02-25 21:33:37,1008110,001,dark_denim_blue,slim_fit,180,33/32,0.9,0.0,0.0,0.8,0.02,0.08
1008110002,men_jeans_slim,freefit®_slim_jeans,49.99,2023-02-25 21:33:37,1008110,002,black_no_fade_black,slim_fit,,,1.0,0.0,0.0,0.0,0.02,0.08
1008110003,men_jeans_slim,freefit®_slim_jeans,49.99,2023-02-25 21:33:37,1008110,003,light_denim_blue,slim_fit,182,32/32,0.89,0.0,0.0,0.8,0.02,0.09
1008110005,men_jeans_slim,freefit®_slim_jeans,49.99,2023-02-25 21:33:37,1008110,005,light_denim_blue,slim_fit,,,0.89,0.0,0.0,0.8,0.02,0.09
1008110006,men_jeans_slim,freefit®_slim_jeans,49.99,2023-02-25 21:33:37,1008110,006,denim_blue,slim_fit,183,31/32,0.89,0.0,0.0,0.8,0.02,0.09
1008110013,men_jeans_slim,freefit®_slim_jeans,49.99,2023-02-25 21:33:37,1008110,013,dark_gray,slim_fit,187,31/32,0.9,0.0,0.0,0.8,0.02,0.08
1008110015,men_jeans_slim,freefit®_slim_jeans,49.99,2023-02-25 21:33:37,1008110,015,light_denim_blue,slim_fit,187,31/32,0.9,0.0,0.0,0.8,0.02,0.08
1008110019,men_jeans_slim,freefit®_slim_jeans,49.99,2023-02-25 21:33:37,1008110,019,black,slim_fit,187,31/32,0.9,0.0,0.0,0.8,0.02,0.08
1130309001,men_jeans_loose,baggy_jeans,39.99,2023-02-25 21:33:37,1130309,001,denim_black,loose_fit,188,31/32,1.0,0.0,0.0,0.65,0.0,0.0
1130309002,men_jeans_loose,baggy_jeans,39.99,2023-02-25 21:33:37,1130309,002,light_denim_blue,loose_fit,,,1.0,0.0,0.0,0.65,0.0,0.0
1119482003,men_jeans_loose,loose_jeans,44.99,2023-02-25 21:33:37,1119482,003,cream,loose_fit,187,31/32,1.0,0.0,0.0,0.65,0.0,0.0
1119482005,men_jeans_loose,loose_jeans,44.99,2023-02-25 21:33:37,1119482,005,dark_denim_blue,loose_fit,188,31/32,1.0,0.0,0.0,0.65,0.0,0.0
0875105001,men_jeans_relaxed,relaxed_jeans,39.99,2023-02-25 21:33:37,0875105,001,denim_blue,relaxed_fit,,,1.0,0.0,0.0,0.0,0.0,0.0
0875105002,men_jeans_relaxed,relaxed_jeans,39.99,2023-02-25 21:33:37,0875105,002,black,relaxed_fit,,,1.0,0.0,0.0,0.0,0.0,0.0
0875105003,men_jeans_relaxed,relaxed_jeans,39.99,2023-02-25 21:33:37,0875105,003,light_denim_blue,relaxed_fit,,,1.0,0.0,0.0,0.0,0.0,0.0
0875105009,men_jeans_relaxed,relaxed_jeans,39.99,2023-02-25 21:33:37,0875105,009,dark_denim_blue,relaxed_fit,,,1.0,0.0,0.0,0.65,0.0,0.0
0875105011,men_jeans_relaxed,relaxed_jeans,39.99,2023-02-25 21:33:37,0875105,011,light_denim_blue,relaxed_fit,,,1.0,0.0,0.0,0.65,0.0,0.0
0875105015,men_jeans_relaxed,relaxed_jeans,39.99,2023-02-25 21:33:37,0875105,015,light_denim_blue,relaxed_fit,185,31/32,1.0,0.0,0.0,0.0,0.0,0.0
0875105016,men_jeans_relaxed,relaxed_jeans,39.99,2023-02-25 21:33:37,0875105,016,denim_blue,relaxed_fit,,,1.0,0.0,0.0,0.65,0.0,0.0
0875105017,men_jeans_relaxed,relaxed_jeans,39.99,2023-02-25 21:33:37,0875105,017,dark_denim_blue,relaxed_fit,185,31/32,1.0,0.0,0.0,0.65,0.0,0.0
0875105018,men_jeans_relaxed,relaxed_jeans,39.99,2023-02-25 21:33:37,0875105,018,pale_denim_blue,relaxed_fit,187,31/32,1.0,0.0,0.0,0.65,0.0,0.0
0875105023,men_jeans_relaxed,relaxed_jeans,39.99,2023-02-25 21:33:37,0875105,023,black,relaxed_fit,,,1.0,0.0,0.0,0.65,0.0,0.0
0875105024,men_jeans_relaxed,relaxed_jeans,39.99,2023-02-25 21:33:37,0875105,024,light_denim_blue,relaxed_fit,185,31/32,1.0,0.0,0.0,0.65,0.0,0.0
0875105026,men_jeans_relaxed,relaxed_jeans,39.99,2023-02-25 21:33:37,0875105,026,light_gray,relaxed_fit,,,1.0,0.0,0.0,0.0,0.0,0.0
0875105029,men_jeans_relaxed,relaxed_jeans,39.99,2023-02-25 21:33:37,0875105,029,black,relaxed_fit,182,32/32,1.0,0.0,0.0,0.65,0.0,0.0
0875105036,men_jeans_relaxed,relaxed_jeans,39.99,2023-02-25 21:33:37,0875105,036,light_denim_blue,relaxed_fit,187,31/32,1.0,0.0,0.0,0.65,0.0,0.0
0875105037,men_jeans_relaxed,relaxed_jeans,39.99,2023-02-25 21:33:37,0875105,037,black,relaxed_fit,187,31/32,1.0,0.0,0.0,0.65,0.0,0.0
0875105040,men_jeans_relaxed,relaxed_jeans,39.99,2023-02-25 21:33:37,0875105,040,denim_blue,relaxed_fit,180,33/32,1.0,0.0,0.0,0.65,0.0,0.0
0875105041,men_jeans_relaxed,relaxed_jeans,39.99,2023-02-25 21:33:37,0875105,041,denim_gray,relaxed_fit,187,31/32,1.0,0.0,0.0,0.65,0.0,0.0
0875105042,men_jeans_relaxed,relaxed_jeans,39.99,2023-02-25 21:33:37,0875105,042,dark_denim_blue,relaxed_fit,180,33/32,1.0,0.0,0.0,0.65,0.0,0.0
1121156001,men_jeans_relaxed,relaxed_jeans,44.99,2023-02-25 21:33:37,1121156,001,dark_denim_blue,relaxed_fit,187,31/32,1.0,0.0,0.0,0.0,0.0,0.0
1121156002,men_jeans_relaxed,relaxed_jeans,44.99,2023-02-25 21:33:37,1121156,002,beige,relaxed_fit,187,31/32,1.0,0.0,0.0,0.0,0.0,0.0
1130139001,men_jeans_loose,loose_bootcut_jeans,44.99,2023-02-25 21:33:37,1130139,001,black_gray_checked,loose_fit,186,31/32,1.0,0.0,0.0,0.65,0.0,0.0
1130139002,men_jeans_loose,loose_bootcut_jeans,44.99,2023-02-25 21:33:37,1130139,002,denim_blue,loose_fit,186,31/32,1.0,0.0,0.0,0.65,0.0,0.0
1130139003,men_jeans_loose,loose_bootcut_jeans,44.99,2023-02-25 21:33:37,1130139,003,light_denim_blue,loose_fit,,,1.0,0.0,0.0,0.65,0.0,0.0
1130139004,men_jeans_loose,loose_bootcut_jeans,44.99,2023-02-25 21:33:37,1130139,004,denim_black,loose_fit,184,31/30,1.0,0.0,0.0,0.65,0.0,0.0
1121155001,men_jeans_regular,regular_bootcut_jeans,44.99,2023-02-25 21:33:37,1121155,001,black,regular_fit,187,31/32,1.0,0.0,0.0,0.0,0.01,0.0
1121155003,men_jeans_regular,regular_bootcut_jeans,44.99,2023-02-25 21:33:37,1121155,003,denim_blue,regular_fit,187,31/32,1.0,0.0,0.0,0.0,0.01,0.0
0690449001,men_jeans_ripped,skinny_jeans,39.99,2023-02-25 21:33:37,0690449,001,light_denim_blue_trashed,skinny_fit,,,0.99,0.0,0.0,0.0,0.01,0.0
0690449002,men_jeans_ripped,skinny_jeans,39.99,2023-02-25 21:33:37,0690449,002,denim_blue,skinny_fit,,,0.98,0.0,0.0,0.0,0.02,0.0
0690449006,men_jeans_ripped,skinny_jeans,39.99,2023-02-25 21:33:37,0690449,006,black_washed,skinny_fit,,,1.0,0.0,0.0,0.0,0.02,0.0
0690449007,men_jeans_ripped,skinny_jeans,39.99,2023-02-25 21:33:37,0690449,007,light_denim_blue,skinny_fit,,,1.0,0.0,0.0,0.0,0.02,0.0
0690449009,men_jeans_ripped,skinny_jeans,39.99,2023-02-25 21:33:37,0690449,009,black_washed_out,skinny_fit,,,0.99,0.0,0.0,0.0,0.01,0.0
0690449011,men_jeans_ripped,skinny_jeans,39.99,2023-02-25 21:33:37,0690449,011,white,skinny_fit,,,0.99,0.0,0.0,0.0,0.01,0.0
0690449013,men_jeans_ripped,skinny_jeans,39.99,2023-02-25 21:33:37,0690449,013,black_washed,skinny_fit,,,0.98,0.0,0.0,1.0,0.02,0.0
0690449021,men_jeans_ripped,skinny_jeans,39.99,2023-02-25 21:33:37,0690449,021,dark_denim_blue_trashed,skinny_fit,,,0.98,0.0,0.0,1.0,0.02,0.0
0690449022,men_jeans_ripped,skinny_jeans,39.99,2023-02-25 21:33:37,0690449,022,black_trashed,skinny_fit,187,31/32,0.98,0.0,0.0,1.0,0.02,0.0
0690449024,men_jeans_ripped,skinny_jeans,39.99,2023-02-25 21:33:37,0690449,024,dark_blue_trashed,skinny_fit,,,0.98,0.0,0.0,1.0,0.02,0.0
0690449028,men_jeans_ripped,skinny_jeans,39.99,2023-02-25 21:33:37,0690449,028,dark_blue_washed_out,skinny_fit,,,0.98,0.0,0.0,0.0,0.02,0.0
0690449035,men_jeans_ripped,skinny_jeans,39.99,2023-02-25 21:33:37,0690449,035,denim_blue_trashed,skinny_fit,,,0.98,0.0,0.0,0.0,0.02,0.0
0690449036,men_jeans_ripped,skinny_jeans,39.99,2023-02-25 21:33:37,0690449,036,black,skinny_fit,187,31/32,0.98,0.0,0.0,0.0,0.02,0.0
0690449040,men_jeans_ripped,skinny_jeans,39.99,2023-02-25 21:33:37,0690449,040,denim_gray,skinny_fit,,,0.98,0.0,0.0,0.65,0.02,0.0
0690449043,men_jeans_ripped,skinny_jeans,39.99,2023-02-25 21:33:37,0690449,043,light_denim_blue_trashed,skinny_fit,183,31/32,0.98,0.0,0.0,0.65,0.02,0.0
0690449046,men_jeans_ripped,skinny_jeans,39.99,2023-02-25 21:33:37,0690449,046,light_denim_gray_trashed,skinny_fit,,,0.98,0.0,0.0,0.0,0.02,0.0
0690449051,men_jeans_ripped,skinny_jeans,39.99,2023-02-25 21:33:37,0690449,051,gray,skinny_fit,187,31/32,0.98,0.0,0.0,0.0,0.02,0.0
0690449056,men_jeans_ripped,skinny_jeans,39.99,2023-02-25 21:33:37,0690449,056,light_denim_blue,skinny_fit,182,32/32,0.98,0.0,0.0,0.65,0.02,0.0
0690449059,men_jeans_ripped,skinny_jeans,39.99,2023-02-25 21:33:37,0690449,059,denim_blue,skinny_fit,185,38/32,0.98,0.0,0.0,0.65,0.02,0.0
0690449062,men_jeans_ripped,skinny_jeans,39.99,2023-02-25 21:33:37,0690449,062,light_denim_blue,skinny_fit,187,31/32,0.98,0.0,0.0,0.65,0.02,0.0
0690449064,men_jeans_ripped,skinny_jeans,39.99,2023-02-25 21:33:37,0690449,064,black_patterned,skinny_fit,,,0.98,0.0,0.0,0.65,0.02,0.0
0690449067,men_jeans_ripped,skinny_jeans,39.99,2023-02-25 21:33:37,0690449,067,denim_blue,skinny_fit,185,31/32,0.98,0.0,0.0,0.65,0.02,0.0
0938875001,men_jeans_slim,slim_tapered_jeans,39.99,2023-02-25 21:33:37,0938875,001,light_denim_blue,slim_fit,,,1.0,0.0,0.0,0.0,0.01,0.0
0938875002,men_jeans_slim,slim_tapered_jeans,39.99,2023-02-25 21:33:37,0938875,002,white,slim_fit,189,31/32,1.0,0.0,0.0,0.0,0.01,0.0
0938875004,men_jeans_slim,slim_tapered_jeans,39.99,2023-02-25 21:33:37,0938875,004,dark_gray,slim_fit,,,1.0,0.0,0.0,0.0,0.01,0.0
0938875007,men_jeans_slim,slim_tapered_jeans,39.99,2023-02-25 21:33:37,0938875,007,black,slim_fit,,,1.0,0.0,0.0,0.0,0.01,0.0
0938875008,men_jeans_slim,slim_tapered_jeans,39.99,2023-02-25 21:33:37,0938875,008,denim_blue,slim_fit,187,31/32,1.0,0.0,0.0,0.0,0.01,0.0
0938875010,men_jeans_slim,slim_tapered_jeans,39.99,2023-02-25 21:33:37,0938875,010,light_blue,slim_fit,,,1.0,0.0,0.0,0.0,0.01,0.0
0938875012,men_jeans_slim,slim_tapered_jeans,39.99,2023-02-25 21:33:37,0938875,012,denim_blue,slim_fit,,,1.0,0.0,0.0,0.0,0.01,0.0
0938875013,men_jeans_slim,slim_tapered_jeans,39.99,2023-02-25 21:33:37,0938875,013,pale_denim_blue,slim_fit,,,1.0,0.0,0.0,0.0,0.01,0.0
0938875014,men_jeans_slim,slim_tapered_jeans,39.99,2023-02-25 21:33:37,0938875,014,black,slim_fit,,,0.98,0.0,0.0,0.65,0.02,0.0
1024711001,men_jeans_slim,slim_jeans,34.99,2023-02-25 21:33:37,1024711,001,black,slim_fit,187,33/32,1.0,0.0,0.0,0.0,0.02,0.0
1024711002,men_jeans_slim,slim_jeans,34.99,2023-02-25 21:33:37,1024711,002,light_denim_blue,slim_fit,187,31/32,1.0,0.0,0.0,0.0,0.01,0.0
1024711004,men_jeans_slim,slim_jeans,34.99,2023-02-25 21:33:37,1024711,004,light_denim_blue,slim_fit,,,1.0,0.0,0.0,0.0,0.01,0.0
1024711006,men_jeans_slim,slim_jeans,34.99,2023-02-25 21:33:37,1024711,006,dark_denim_blue,slim_fit,183,31/32,0.99,0.0,0.0,0.0,0.01,0.0
1024711008,men_jeans_slim,slim_jeans,34.99,2023-02-25 21:33:37,1024711,008,dark_denim_gray,slim_fit,190,31/32,0.99,0.0,0.0,0.8,0.01,0.0
1024711009,men_jeans_slim,slim_jeans,34.99,2023-02-25 21:33:37,1024711,009,dark_blue,slim_fit,187,31/32,0.99,0.0,0.0,0.65,0.01,0.0
1024711010,men_jeans_slim,slim_jeans,34.99,2023-02-25 21:33:37,1024711,010,denim_blue,slim_fit,180,33/32,0.99,0.0,0.0,0.8,0.01,0.0
1024711014,men_jeans_slim,slim_jeans,34.99,2023-02-25 21:33:37,1024711,014,black,slim_fit,180,33/32,0.98,0.0,0.0,0.65,0.02,0.0
1024711017,men_jeans_slim,slim_jeans,34.99,2023-02-25 21:33:37,1024711,017,light_denim_blue,slim_fit,180,33/32,1.0,0.0,0.0,0.0,0.01,0.0
1139723001,men_jeans_skinny,skinny_jeans,39.99,2023-02-25 21:33:37,1139723,001,denim_purple,skinny_fit,,,0.98,0.0,0.0,0.65,0.02,0.0
1139723003,men_jeans_skinny,skinny_jeans,39.99,2023-02-25 21:33:37,1139723,003,black_leopard_print,skinny_fit,,,0.98,0.0,0.0,0.65,0.02,0.0
1139723005,men_jeans_skinny,skinny_jeans,39.99,2023-02-25 21:33:37,1139723,005,white,skinny_fit,,,0.99,0.0,0.0,0.65,0.01,0.0
1153385001,men_jeans_slim,2-pack_slim_jeans,49.99,2023-02-25 21:33:37,1153385,001,denim_blue_black,slim_fit,190,31/32,1.0,0.0,0.0,0.0,0.01,0.0
1153385002,men_jeans_slim,2-pack_slim_jeans,49.99,2023-02-25 21:33:37,1153385,002,dark_denim_blue_black,slim_fit,,,1.0,0.0,0.0,0.0,0.01,0.0
1004199001,men_jeans_skinny,skinny_crop_jeans,29.99,2023-02-25 21:33:37,1004199,001,light_denim_blue,skinny_fit,185,,0.99,0.0,0.0,0.0,0.01,0.0
1004199002,men_jeans_skinny,skinny_crop_jeans,29.99,2023-02-25 21:33:37,1004199,002,black,skinny_fit,,,0.99,0.0,0.0,0.0,0.01,0.0
1004199003,men_jeans_skinny,skinny_crop_jeans,29.99,2023-02-25 21:33:37,1004199,003,denim_blue,skinny_fit,,,0.99,0.0,0.0,0.65,0.01,0.0
1004199004,men_jeans_skinny,skinny_crop_jeans,29.99,2023-02-25 21:33:37,1004199,004,white,skinny_fit,183,,0.99,0.0,0.0,0.65,0.01,0.0
1004199005,men_jeans_skinny,skinny_crop_jeans,29.99,2023-02-25 21:33:37,1004199,005,light_gray,skinny_fit,,,0.99,0.0,0.0,0.65,0.01,0.0
1004199007,men_jeans_skinny,skinny_crop_jeans,29.99,2023-02-25 21:33:37,1004199,007,denim_blue,skinny_fit,,,0.98,0.0,0.0,0.65,0.02,0.0
1153662001,men_trousers_joggers,hybrid_regular_tapered_joggers,44.99,2023-02-25 21:33:37,1153662,001,black,regular_fit,186,,0.79,0.0,0.0,0.2,0.01,0.0
1153662002,men_trousers_joggers,hybrid_regular_tapered_joggers,44.99,2023-02-25 21:33:37,1153662,002,black,regular_fit,187,,0.79,0.0,0.0,0.2,0.01,0.0
1153662003,men_trousers_joggers,hybrid_regular_tapered_joggers,44.99,2023-02-25 21:33:37,1153662,003,white,regular_fit,188,,0.78,0.0,0.0,0.2,0.02,0.0
1153662004,men_trousers_joggers,hybrid_regular_tapered_joggers,44.99,2023-02-25 21:33:37,1153662,004,light_denim_blue,regular_fit,187,,0.77,0.0,0.0,0.21,0.02,0.0
1096385001,men_jeans_loose,loose_jeans,29.99,2023-02-25 21:33:37,1096385,001,black,loose_fit,183,31/32,1.0,0.0,0.0,0.0,0.0,0.0
1096385002,men_jeans_loose,loose_jeans,29.99,2023-02-25 21:33:37,1096385,002,dark_denim_blue,loose_fit,,,1.0,0.0,0.0,0.0,0.0,0.0
1013317001,men_jeans_joggers,hybrid_regular_tapered_joggers,39.99,2023-02-25 21:33:37,1013317,001,light_denim_blue,regular_fit,,,0.77,0.0,0.0,0.21,0.02,0.0
1013317002,men_jeans_joggers,hybrid_regular_tapered_joggers,39.99,2023-02-25 21:33:37,1013317,002,denim_blue,regular_fit,,,0.78,0.0,0.0,0.21,0.01,0.0
1013317003,men_jeans_joggers,hybrid_regular_tapered_joggers,39.99,2023-02-25 21:33:37,1013317,003,dark_denim_blue,regular_fit,183,,0.77,0.0,0.0,0.21,0.02,0.0
1013317004,men_jeans_joggers,hybrid_regular_tapered_joggers,39.99,2023-02-25 21:33:37,1013317,004,black,regular_fit,187,,0.78,0.0,0.0,0.21,0.01,0.0
1013317005,men_jeans_joggers,hybrid_regular_tapered_joggers,39.99,2023-02-25 21:33:37,1013317,005,dark_gray,regular_fit,185,,0.79,0.0,0.0,0.19,0.02,0.0
1013317006,men_jeans_joggers,hybrid_regular_tapered_joggers,39.99,2023-02-25 21:33:37,1013317,006,black,regular_fit,185,,0.79,0.0,0.0,0.2,0.01,0.0
1013317008,men_jeans_joggers,hybrid_regular_tapered_joggers,39.99,2023-02-25 21:33:37,1013317,008,dark_blue,regular_fit,,,0.77,0.0,0.0,0.21,0.02,0.0
1013317010,men_jeans_joggers,hybrid_regular_tapered_joggers,39.99,2023-02-25 21:33:37,1013317,010,black,regular_fit,,,0.8,0.0,0.0,0.19,0.01,0.0
1013317012,men_jeans_joggers,hybrid_regular_tapered_joggers,39.99,2023-02-25 21:33:37,1013317,012,light_denim_blue,regular_fit,,,0.78,0.0,0.0,0.21,0.01,0.0
1153653001,men_trousers_joggers,relaxed_denim_joggers,34.99,2023-02-25 21:33:37,1153653,001,denim_blue,relaxed_fit,187,,1.0,0.0,0.0,0.0,0.0,0.0
1153653002,men_trousers_joggers,relaxed_denim_joggers,34.99,2023-02-25 21:33:37,1153653,002,gray_denim,relaxed_fit,186,,1.0,0.0,0.0,0.0,0.0,0.0
1153653003,men_trousers_joggers,relaxed_denim_joggers,34.99,2023-02-25 21:33:37,1153653,003,light_denim_blue,relaxed_fit,187,,1.0,0.0,0.0,0.0,0.0,0.0
1100162002,men_jeans_regular,essentials_no_2:_the_jeans,39.99,2023-02-25 21:33:37,1100162,002,denim_blue,regular_fit,189,31/32,0.99,0.0,0.0,0.65,0.01,0.0
1100162003,men_jeans_regular,essentials_no_2:_the_jeans,39.99,2023-02-25 21:33:37,1100162,003,denim_gray,regular_fit,187,31/32,0.99,0.0,0.0,0.65,0.01,0.0
1100162004,men_jeans_regular,essentials_no_2:_the_jeans,39.99,2023-02-25 21:33:37,1100162,004,white,regular_fit,,,1.0,0.0,0.0,0.0,0.01,0.0
1100162005,men_jeans_regular,essentials_no_2:_the_jeans,39.99,2023-02-25 21:33:37,1100162,005,denim_blue,regular_fit,185,32/32,0.99,0.0,0.0,0.65,0.01,0.0
0811993001,men_jeans_regular,regular_jeans,34.99,2023-02-25 21:33:37,0811993,001,black_washed_out,regular_fit,,,0.98,0.0,0.0,0.0,0.02,0.0
0811993002,men_jeans_regular,regular_jeans,34.99,2023-02-25 21:33:37,0811993,002,denim_blue,regular_fit,,,0.98,0.0,0.0,0.0,0.02,0.0
0811993003,men_jeans_regular,regular_jeans,34.99,2023-02-25 21:33:37,0811993,003,dark_denim_blue,regular_fit,,,0.98,0.0,0.0,0.0,0.02,0.0
0811993006,men_jeans_regular,regular_jeans,34.99,2023-02-25 21:33:37,0811993,006,graphite_gray,regular_fit,,,0.98,0.0,0.0,0.0,0.02,0.0
0811993007,men_jeans_regular,regular_jeans,34.99,2023-02-25 21:33:37,0811993,007,light_denim_blue,regular_fit,,,0.98,0.0,0.0,0.0,0.02,0.0
0811993021,men_jeans_regular,regular_jeans,34.99,2023-02-25 21:33:37,0811993,021,black,regular_fit,,,0.98,0.0,0.0,0.0,0.02,0.0
0811993022,men_jeans_regular,regular_jeans,34.99,2023-02-25 21:33:37,0811993,022,cream,regular_fit,,,0.99,0.0,0.0,0.0,0.01,0.0
0811993024,men_jeans_regular,regular_jeans,34.99,2023-02-25 21:33:37,0811993,024,denim_blue,regular_fit,,,1.0,0.0,0.0,0.0,0.01,0.0
0811993025,men_jeans_regular,regular_jeans,34.99,2023-02-25 21:33:37,0811993,025,light_blue,regular_fit,,,1.0,0.0,0.0,0.0,0.01,0.0
0811993028,men_jeans_regular,regular_jeans,34.99,2023-02-25 21:33:37,0811993,028,denim_blue,regular_fit,,,0.99,0.0,0.0,0.0,0.01,0.0
0811993031,men_jeans_regular,regular_jeans,34.99,2023-02-25 21:33:37,0811993,031,dark_denim_blue,regular_fit,,,0.99,0.0,0.0,0.0,0.01,0.0
0811993034,men_jeans_regular,regular_jeans,34.99,2023-02-25 21:33:37,0811993,034,pale_denim_blue,regular_fit,180,33/32,0.99,0.0,0.0,0.0,0.01,0.0
0811993036,men_jeans_regular,regular_jeans,34.99,2023-02-25 21:33:37,0811993,036,blue,regular_fit,187,31/32,0.99,0.0,0.0,0.0,0.01,0.0
0811993037,men_jeans_regular,regular_jeans,34.99,2023-02-25 21:33:37,0811993,037,dark_blue,regular_fit,183,31/32,0.99,0.0,0.0,0.0,0.01,0.0
0811993039,men_jeans_regular,regular_jeans,34.99,2023-02-25 21:33:37,0811993,039,dark_denim_blue,regular_fit,,,0.98,0.0,0.0,0.0,0.02,0.0
0811993040,men_jeans_regular,regular_jeans,34.99,2023-02-25 21:33:37,0811993,040,black,regular_fit,180,33/32,0.98,0.0,0.0,0.0,0.02,0.0
0811993044,men_jeans_regular,regular_jeans,34.99,2023-02-25 21:33:37,0811993,044,dark_denim_blue,regular_fit,183,32/32,1.0,0.0,0.0,0.0,0.01,0.0
0811993048,men_jeans_regular,regular_jeans,34.99,2023-02-25 21:33:37,0811993,048,dark_blue,regular_fit,180,33/32,0.98,0.0,0.0,0.65,0.02,0.0
0811993050,men_jeans_regular,regular_jeans,34.99,2023-02-25 21:33:37,0811993,050,pale_denim_gray,regular_fit,187,31/32,1.0,0.0,0.0,0.0,0.01,0.0
0811993053,men_jeans_regular,regular_jeans,34.99,2023-02-25 21:33:37,0811993,053,dark_denim_gray,regular_fit,180,33/32,0.98,0.0,0.0,0.65,0.02,0.0
0811993057,men_jeans_regular,regular_jeans,34.99,2023-02-25 21:33:37,0811993,057,pale_denim_blue,regular_fit,186,31/32,1.0,0.0,0.0,0.0,0.01,0.0
1027852002,men_jeans_joggers,relaxed_denim_joggers,29.99,2023-02-25 21:33:37,1027852,002,dark_gray,relaxed_fit,,,1.0,0.0,0.0,0.0,0.0,0.0
1027852006,men_jeans_joggers,relaxed_denim_joggers,29.99,2023-02-25 21:33:37,1027852,006,dark_denim_blue,relaxed_fit,,,1.0,0.0,0.0,0.0,0.0,0.0
1027852007,men_jeans_joggers,relaxed_denim_joggers,29.99,2023-02-25 21:33:37,1027852,007,denim_blue,relaxed_fit,183,,1.0,0.0,0.0,0.0,0.0,0.0
1027852009,men_jeans_joggers,relaxed_denim_joggers,29.99,2023-02-25 21:33:37,1027852,009,light_denim_blue,relaxed_fit,183,,1.0,0.0,0.0,0.0,0.0,0.0
1142955001,men_jeans_straight,regular_crop_jeans,34.99,2023-02-25 21:33:37,1142955,001,light_denim_blue,regular_fit,186,31/32,0.99,0.0,0.0,0.8,0.01,0.0
1142955002,men_jeans_straight,regular_crop_jeans,34.99,2023-02-25 21:33:37,1142955,002,denim_blue,regular_fit,186,31/32,0.99,0.0,0.0,0.65,0.01,0.0
1142955003,men_jeans_straight,regular_crop_jeans,34.99,2023-02-25 21:33:37,1142955,003,black,regular_fit,186,31/32,0.98,0.0,0.0,0.65,0.02,0.0
1132148001,men_jeans_slim,slim_flared_jeans,44.99,2023-02-25 21:33:37,1132148,001,dark_denim_blue,slim_fit,,,0.99,0.0,0.0,0.8,0.01,0.0
1132148002,men_jeans_slim,slim_flared_jeans,44.99,2023-02-25 21:33:37,1132148,002,black,slim_fit,180,33/32,0.98,0.0,0.0,0.65,0.02,0.0
1107750001,men_jeans_relaxed,relaxed_worker_jeans,44.99,2023-02-25 21:33:37,1107750,001,denim_blue,relaxed_fit,,,1.0,0.0,0.0,0.65,0.0,0.0
1107750002,men_jeans_relaxed,relaxed_worker_jeans,44.99,2023-02-25 21:33:37,1107750,002,dark_denim_blue,relaxed_fit,,,1.0,0.0,0.0,0.65,0.0,0.0
0993887001,men_jeans_regular,hybrid_regular_jeans,39.99,2023-02-25 21:33:37,0993887,001,denim_blue,regular_fit,187,31/32,0.77,0.0,0.0,0.21,0.02,0.0
0993887002,men_jeans_regular,hybrid_regular_jeans,39.99,2023-02-25 21:33:37,0993887,002,denim_blue,regular_fit,,,0.77,0.0,0.0,0.21,0.02,0.0
0993887004,men_jeans_regular,hybrid_regular_jeans,39.99,2023-02-25 21:33:37,0993887,004,black,regular_fit,,,0.79,0.0,0.0,0.2,0.01,0.0
0993887007,men_jeans_regular,hybrid_regular_jeans,39.99,2023-02-25 21:33:37,0993887,007,black_no_fade_black,regular_fit,,,0.8,0.0,0.0,0.19,0.01,0.0
0993887008,men_jeans_regular,hybrid_regular_jeans,39.99,2023-02-25 21:33:37,0993887,008,dark_gray,regular_fit,183,31/32,0.78,0.0,0.0,0.21,0.01,0.0
0985197001,men_jeans_slim,slim_jeans,19.99,2023-02-25 21:33:37,0985197,001,black,slim_fit,,,1.0,0.0,0.0,0.0,0.02,0.0
0985197002,men_jeans_slim,slim_jeans,19.99,2023-02-25 21:33:37,0985197,002,midnight_blue,slim_fit,,,0.99,0.0,0.0,0.65,0.01,0.0
0985197003,men_jeans_slim,slim_jeans,19.99,2023-02-25 21:33:37,0985197,003,denim_blue,slim_fit,,,0.99,0.0,0.0,0.65,0.01,0.0
0985197004,men_jeans_slim,slim_jeans,19.99,2023-02-25 21:33:37,0985197,004,dark_denim_blue,slim_fit,,,1.0,0.0,0.0,0.0,0.01,0.0
0985197005,men_jeans_slim,slim_jeans,19.99,2023-02-25 21:33:37,0985197,005,dark_denim_blue,slim_fit,,,0.99,0.0,0.0,0.65,0.01,0.0
0985197006,men_jeans_slim,slim_jeans,19.99,2023-02-25 21:33:37,0985197,006,light_denim_blue,slim_fit,,,0.99,0.0,0.0,0.65,0.01,0.0
0985197007,men_jeans_slim,slim_jeans,19.99,2023-02-25 21:33:37,0985197,007,dark_gray,slim_fit,,,0.99,0.0,0.0,0.65,0.01,0.0
1114023001,men_jeans_loose,loose_jeans,44.99,2023-02-25 21:33:37,1114023,001,denim_blue,loose_fit,185,31/32,1.0,0.0,0.0,0.65,0.0,0.0
1114023003,men_jeans_loose,loose_jeans,44.99,2023-02-25 21:33:37,1114023,003,cream,loose_fit,183,31/32,1.0,0.0,0.0,0.65,0.0,0.0
1138619001,men_jeans_straight,regular_jeans,44.99,2023-02-25 21:33:37,1138619,001,black,regular_fit,186,31/32,0.99,0.0,0.0,0.8,0.01,0.0
1138619002,men_jeans_straight,regular_jeans,44.99,2023-02-25 21:33:37,1138619,002,denim_blue,regular_fit,187,31/32,0.99,0.0,0.0,0.65,0.01,0.0
1138619003,men_jeans_straight,regular_jeans,44.99,2023-02-25 21:33:37,1138619,003,light_denim_blue,regular_fit,187,31/32,0.99,0.0,0.0,0.8,0.01,0.0
1074475001,men_jeans_loose,loose_jeans,39.99,2023-02-25 21:33:37,1074475,001,light_denim_blue,loose_fit,,,1.0,0.0,0.0,0.65,0.0,0.0
1074475002,men_jeans_loose,loose_jeans,39.99,2023-02-25 21:33:37,1074475,002,denim_blue,loose_fit,183,31/32,1.0,0.0,0.0,0.65,0.0,0.0
1074475003,men_jeans_loose,loose_jeans,39.99,2023-02-25 21:33:37,1074475,003,black,loose_fit,,,1.0,0.0,0.0,0.65,0.0,0.0
1018704001,men_jeans_relaxed,relaxed_pull-on_jeans,24.99,2023-02-25 21:33:37,1018704,001,light_denim_blue,relaxed_fit,,,1.0,0.0,0.0,0.65,0.0,0.0
1018704002,men_jeans_relaxed,relaxed_pull-on_jeans,24.99,2023-02-25 21:33:37,1018704,002,denim_blue,relaxed_fit,,,1.0,0.0,0.0,0.65,0.0,0.0
1018704003,men_jeans_relaxed,relaxed_pull-on_jeans,24.99,2023-02-25 21:33:37,1018704,003,black,relaxed_fit,187,,1.0,0.0,0.0,0.65,0.0,0.0
0927964001,men_jeans_regular,regular_tapered_crop_jeans,19.99,2023-02-25 21:33:37,0927964,001,denim_blue,regular_fit,185,,1.0,0.0,0.0,0.65,0.0,0.0
0927964002,men_jeans_regular,regular_tapered_crop_jeans,19.99,2023-02-25 21:33:37,0927964,002,light_denim_blue,regular_fit,,,1.0,0.0,0.0,0.65,0.0,0.0
0927964003,men_jeans_regular,regular_tapered_crop_jeans,19.99,2023-02-25 21:33:37,0927964,003,dark_gray,regular_fit,,,1.0,0.0,0.0,0.65,0.0,0.0
0927964004,men_jeans_regular,regular_tapered_crop_jeans,19.99,2023-02-25 21:33:37,0927964,004,steel_blue,regular_fit,,,1.0,0.0,0.0,0.65,0.0,0.0
0927964005,men_jeans_regular,regular_tapered_crop_jeans,19.99,2023-02-25 21:33:37,0927964,005,white,regular_fit,,,1.0,0.0,0.0,0.0,0.0,0.0
0927964013,men_jeans_regular,regular_tapered_crop_jeans,19.99,2023-02-25 21:33:37,0927964,013,black,regular_fit,,,1.0,0.0,0.0,0.0,0.0,0.0
1025726002,men_jeans_relaxed,relaxed_jeans,39.99,2023-02-25 21:33:37,1025726,002,light_denim_blue,relaxed_fit,,,1.0,0.0,0.0,0.65,0.0,0.0
1025726003,men_jeans_relaxed,relaxed_jeans,39.99,2023-02-25 21:33:37,1025726,003,graphite_gray,relaxed_fit,,,1.0,0.0,0.0,0.65,0.0,0.0
1051644001,men_jeans_loose,loose_jeans,44.99,2023-02-25 21:33:37,1051644,001,denim_blue,loose_fit,,,1.0,0.15,0.55,0.0,0.0,0.0
